Date,Price
2/28/2017,100
3/1/2017,102.71
3/2/2017,107.33
3/3/2017,107.27
3/6/2017,107.39
3/7/2017,104.28
3/8/2017,97.6
3/9/2017,101.15
3/10/2017,108.19
3/13/2017,103.97
3/14/2017,104.97
3/15/2017,104.87
3/16/2017,98.88
3/17/2017,94.13
3/20/2017,86.8
3/21/2017,93.1
3/22/2017,84.75
3/23/2017,87.22
3/24/2017,82.17
3/27/2017,85.34
3/28/2017,86.09
3/29/2017,87.1
3/30/2017,86.51
3/31/2017,91
4/3/2017,96.85
4/4/2017,96.03
4/5/2017,94.86
4/6/2017,99.36
4/7/2017,100.5
4/10/2017,101.38
4/11/2017,102.54
4/12/2017,101.98
4/13/2017,98.2
4/14/2017,99.05
4/17/2017,99.99
4/18/2017,100.88
4/19/2017,101.15
4/20/2017,103.38
4/21/2017,104.58
4/24/2017,105.39
4/25/2017,107.77
4/26/2017,109.54
4/27/2017,112.39
4/28/2017,110.73
5/1/2017,117.79
5/2/2017,121.87
5/3/2017,125.17
5/4/2017,130.53
5/5/2017,130.42
5/8/2017,138.47
5/9/2017,146.27
5/10/2017,148.7
5/11/2017,153.93
5/12/2017,141.25
5/15/2017,144.09
5/16/2017,148.3
5/17/2017,153.99
5/18/2017,157.54
5/19/2017,162.63
5/22/2017,178.31
5/23/2017,184.56
5/24/2017,204.1
5/25/2017,198.69
5/26/2017,192.91
5/29/2017,195.92
5/30/2017,187.87
5/31/2017,192.35
6/1/2017,200.29
6/2/2017,202.41
6/5/2017,222.22
6/6/2017,238.97
6/7/2017,232.32
6/8/2017,230.9
6/9/2017,238.12
6/12/2017,214.3
6/13/2017,227.72
6/14/2017,213.64
6/15/2017,194.23
6/16/2017,209.05
6/19/2017,211.09
6/20/2017,219.53
6/21/2017,201.14
6/22/2017,208.76
6/23/2017,210.9
6/26/2017,165.96
6/27/2017,178.23
6/28/2017,200.19
6/29/2017,197.63
6/30/2017,191.28
7/3/2017,191.23
7/4/2017,189.86
7/5/2017,192.58
7/6/2017,189.66
7/7/2017,181.94
7/10/2017,168.3
7/11/2017,156.3
7/12/2017,168.63
7/13/2017,160.53
7/14/2017,152.49
7/17/2017,144.54
7/18/2017,169.99
7/19/2017,153.51
7/20/2017,182.51
7/21/2017,179
7/24/2017,188.4
7/25/2017,167.78
7/26/2017,166.99
7/27/2017,171.79
7/28/2017,178.34
7/31/2017,184.25
8/1/2017,188.79
8/2/2017,182.49
8/3/2017,188.44
8/4/2017,189.4
8/7/2017,226.26
8/8/2017,236.67
8/9/2017,232.09
8/10/2017,238.33
8/11/2017,243.12
8/14/2017,275.57
8/15/2017,262.68
8/16/2017,278.43
8/17/2017,279.12
8/18/2017,268.81
8/21/2017,273.12
8/22/2017,272.93
8/23/2017,274.42
8/24/2017,281.08
8/25/2017,286.14
8/28/2017,291.71
8/29/2017,310.48
8/30/2017,312.48
8/31/2017,320.82
9/1/2017,328.67
9/4/2017,293.19
9/5/2017,292.05
9/6/2017,303.7
9/7/2017,302.22
9/8/2017,272.66
9/11/2017,272.79
9/12/2017,271.09
9/13/2017,249.01
9/14/2017,216.76
9/15/2017,240.53
9/18/2017,263.6
9/19/2017,256.32
9/20/2017,259.13
9/21/2017,236.45
9/22/2017,234.99
9/25/2017,259.86
9/26/2017,257.66
9/27/2017,274.81
9/28/2017,271.47
9/29/2017,270.33
10/2/2017,282.38
10/3/2017,274.81
10/4/2017,271.6
10/5/2017,280.3
10/6/2017,280.97
10/9/2017,299.66
10/10/2017,304.85
10/11/2017,304.11
10/12/2017,326.12
10/13/2017,344.76
10/16/2017,353.62
10/17/2017,345.89
10/18/2017,329.75
10/19/2017,342.17
10/20/2017,361.65
10/23/2017,349.65
10/24/2017,344.02
10/25/2017,340.38
10/26/2017,350.95
10/27/2017,344.6
10/30/2017,362.89
10/31/2017,375.44
11/1/2017,385
11/2/2017,400.65
11/3/2017,417.74
11/6/2017,408.72
11/7/2017,403.46
11/8/2017,420.82
11/9/2017,418.92
11/10/2017,377.75
11/13/2017,381.21
11/14/2017,397.41
11/15/2017,422.01
11/16/2017,445.86
11/17/2017,444.05
11/20/2017,477.61
11/21/2017,478.57
11/22/2017,477.78
11/23/2017,488.56
11/24/2017,500.23
11/27/2017,570.92
11/28/2017,580.44
11/29/2017,553.04
11/30/2017,555.57
12/1/2017,623.79
12/4/2017,654.05
12/5/2017,668.66
12/6/2017,732.2
12/7/2017,838.5
12/8/2017,811.29
12/11/2017,923.9
12/12/2017,942.08
12/13/2017,929.93
12/14/2017,938.68
12/15/2017,1004.37
12/18/2017,1075.89
12/19/2017,1068.64
12/20/2017,1044.54
12/21/2017,946.51
12/22/2017,896.5
12/25/2017,882.56
12/26/2017,986.63
12/27/2017,928.47
12/28/2017,876.57
12/29/2017,907.16
1/1/2018,863.72
1/2/2018,972.76
1/3/2018,976.96
1/4/2018,973.47
1/5/2018,1052.05
1/8/2018,1023.29
1/9/2018,1038.49
1/10/2018,1052.85
1/11/2018,975.29
1/12/2018,1012.22
1/15/2018,1010.57
1/16/2018,795.4
1/17/2018,775.02
1/18/2018,851.4
1/19/2018,816.04
1/22/2018,747.63
1/23/2018,791.86
1/24/2018,798.98
1/25/2018,814.42
1/26/2018,792.24
1/29/2018,833.62
1/30/2018,750.67
1/31/2018,763.77
2/1/2018,698.92
2/2/2018,633.78
2/5/2018,521.37
2/6/2018,555.45
2/7/2018,594.8
2/8/2018,607.7
2/9/2018,633.23
2/12/2018,646.18
2/13/2018,634.24
2/14/2018,676.07
2/15/2018,717.74
2/16/2018,720.51
2/19/2018,776.48
2/20/2018,793.18
2/21/2018,702.29
2/22/2018,684.04
2/23/2018,687.39
2/26/2018,703.99
2/27/2018,725.19
2/28/2018,722.42
3/1/2018,743.06
3/2/2018,738.33
3/5/2018,760.85
3/6/2018,706.21
3/7/2018,646.85
3/8/2018,621.09
3/9/2018,599.07
3/12/2018,594.67
3/13/2018,600.74
3/14/2018,546.68
3/15/2018,539.44
3/16/2018,562.54
3/19/2018,532.22
3/20/2018,568.41
3/21/2018,563.14
3/22/2018,541.64
3/23/2018,538.9
3/26/2018,491.48
3/27/2018,484.93
3/28/2018,481.61
3/29/2018,441.46
3/30/2018,410.39
4/2/2018,419.08
4/3/2018,451.03
4/4/2018,415.02
4/5/2018,408.01
4/6/2018,398.62
4/9/2018,407.48
4/10/2018,420.24
4/11/2018,427.11
4/12/2018,474.07
4/13/2018,508.69
4/16/2018,502.33
4/17/2018,499.87
4/18/2018,519.41
4/19/2018,540.09
4/20/2018,573.05
4/23/2018,601.14
4/24/2018,652.12
4/25/2018,602.14
4/26/2018,596.43
4/27/2018,614.44
4/30/2018,633.15
5/1/2018,611.86
5/2/2018,628.14
5/3/2018,671
5/4/2018,678.38
5/7/2018,664.15
5/8/2018,649
5/9/2018,652.13
5/10/2018,636.23
5/11/2018,594.97
5/14/2018,614.86
5/15/2018,595.02
5/16/2018,574.31
5/17/2018,566.22
5/18/2018,570.16
5/21/2018,577.32
5/22/2018,558.79
5/23/2018,509.59
5/24/2018,512.18
5/25/2018,498.97
5/28/2018,474.15
5/29/2018,497.52
5/30/2018,485.36
5/31/2018,504.57
6/1/2018,499.05
6/4/2018,510.78
6/5/2018,522.09
6/6/2018,514.53
6/7/2018,524.22
6/8/2018,518.62
6/11/2018,452.51
6/12/2018,431.59
6/13/2018,414.26
6/14/2018,445.86
6/15/2018,434.6
6/18/2018,443.36
6/19/2018,450.32
6/20/2018,448.28
6/21/2018,442.96
6/22/2018,403.77
6/25/2018,399.27
6/26/2018,388.25
6/27/2018,386.13
6/28/2018,382.56
6/29/2018,365.29
7/2/2018,422.27
7/3/2018,418.87
7/4/2018,424.76
7/5/2018,410.88
7/6/2018,413.17
7/9/2018,420.47
7/10/2018,394.6
7/11/2018,392.85
7/12/2018,382.54
7/13/2018,383.37
7/16/2018,421.91
7/17/2018,455.12
7/18/2018,453.36
7/19/2018,449.58
7/20/2018,435.96
7/23/2018,452.29
7/24/2018,479.56
7/25/2018,475.74
7/26/2018,479.86
7/27/2018,474.72
7/30/2018,464.76
7/31/2018,443.57
8/1/2018,433.27
8/2/2018,427.31
8/3/2018,422.6
8/6/2018,402.66
8/7/2018,400.72
8/8/2018,359.76
8/9/2018,365.61
8/10/2018,359.47
8/13/2018,331.49
8/14/2018,315.51
8/15/2018,334.66
8/16/2018,338.44
8/17/2018,348.78
8/20/2018,341.84
8/21/2018,337.91
8/22/2018,335.21
8/23/2018,335.57
8/24/2018,345.64
8/27/2018,351.37
8/28/2018,372.51
8/29/2018,366.26
8/30/2018,354.21
8/31/2018,367.11
9/3/2018,382.85
9/4/2018,381.95
9/5/2018,346.5
9/6/2018,325.3
9/7/2018,321.51
9/10/2018,309.1
9/11/2018,302.52
9/12/2018,303.71
9/13/2018,316.34
9/14/2018,322.51
9/17/2018,305.45
9/18/2018,311.71
9/19/2018,317.38
9/20/2018,320.81
9/21/2018,352.9
9/24/2018,341.12
9/25/2018,321.33
9/26/2018,334.4
9/27/2018,348.2
9/28/2018,344.2
10/1/2018,340.86
10/2/2018,339.54
10/3/2018,331.32
10/4/2018,339.34
10/5/2018,336.98
10/8/2018,342.83
10/9/2018,339.09
10/10/2018,336.36
10/11/2018,311.3
10/12/2018,311.73
10/15/2018,321.54
10/16/2018,325.31
10/17/2018,325.5
10/18/2018,321.77
10/19/2018,321.32
10/22/2018,321.67
10/23/2018,322.08
10/24/2018,322.77
10/25/2018,321.91
10/26/2018,321.28
10/29/2018,311.08
10/30/2018,311.25
10/31/2018,314.69
11/1/2018,315.34
11/2/2018,319.81
11/5/2018,327.76
11/6/2018,334.71
11/7/2018,338.33
11/8/2018,332.05
11/9/2018,326.51
11/12/2018,326.45
11/13/2018,323.62
11/14/2018,278.58
11/15/2018,279.02
11/16/2018,278.44
11/19/2018,248.09
11/20/2018,218.03
11/21/2018,223.59
11/22/2018,222.06
11/23/2018,209.9
11/26/2018,182.51
11/27/2018,184.22
11/28/2018,213.23
11/29/2018,204.84
11/30/2018,194.64
12/3/2018,187.05
12/4/2018,187.95
12/5/2018,180.56
12/6/2018,173.46
12/7/2018,159.11
12/10/2018,161.99
12/11/2018,158.72
12/12/2018,163.7
12/13/2018,153.87
12/14/2018,149.91
12/17/2018,171.24
12/18/2018,169.6
12/19/2018,181.93
12/20/2018,191.45
12/21/2018,186.47
12/24/2018,204.66
12/25/2018,192.54
12/26/2018,190.63
12/27/2018,178.64
12/28/2018,198.51
12/31/2018,187.06
1/1/2019,191.91
1/2/2019,201.68
1/3/2019,196.11
1/4/2019,196.69
1/7/2019,205.33
1/8/2019,204.77
1/9/2019,204.58
1/10/2019,182.53
1/11/2019,182.89
1/14/2019,184.2
1/15/2019,177.35
1/16/2019,179.35
1/17/2019,181.05
1/18/2019,179.33
1/21/2019,175.56
1/22/2019,178.56
1/23/2019,175.73
1/24/2019,177.42
1/25/2019,175.91
1/28/2019,165.78
1/29/2019,165.11
1/30/2019,169.48
1/31/2019,168.46
2/1/2019,169.43
2/4/2019,168.08
2/5/2019,168
2/6/2019,164.44
2/7/2019,164.62
2/8/2019,180.17
2/11/2019,179.33
2/12/2019,180.8
2/13/2019,177.87
2/14/2019,177.82
2/15/2019,177.96
2/18/2019,197.11
2/19/2019,200.91
2/20/2019,201.84
2/21/2019,198.22
2/22/2019,201.05
2/25/2019,193.93
2/26/2019,191.76
2/27/2019,186.89
2/28/2019,192.27
3/1/2019,194.32
3/4/2019,185.57
3/5/2019,194.49
3/6/2019,195.12
3/7/2019,196.82
3/8/2019,197.61
3/11/2019,193.96
3/12/2019,195.15
3/13/2019,195.13
3/14/2019,195.05
3/15/2019,199.31
3/18/2019,201.88
3/19/2019,203.57
3/20/2019,203.93
3/21/2019,200.85
3/22/2019,202.55
3/25/2019,198.17
3/26/2019,198.94
3/27/2019,205.67
3/28/2019,205.38
3/29/2019,208.9
4/1/2019,210.91
4/2/2019,242.76
4/3/2019,267.68
4/4/2019,245.53
4/5/2019,258.09
4/8/2019,266.95
4/9/2019,266.92
4/10/2019,276.05
4/11/2019,255.24
4/12/2019,254.77
4/15/2019,251.98
4/16/2019,261.73
4/17/2019,263.21
4/18/2019,267.97
4/19/2019,267.82
4/22/2019,269.08
4/23/2019,275.05
4/24/2019,263.75
4/25/2019,266.93
4/26/2019,250.99
4/29/2019,251.86
4/30/2019,258.1
5/1/2019,260.51
5/2/2019,264.13
5/3/2019,277.9
5/6/2019,279.05
5/7/2019,281.08
5/8/2019,280.8
5/9/2019,284.42
5/10/2019,296.92
5/13/2019,360.01
5/14/2019,360.84
5/15/2019,389.68
5/16/2019,380.72
5/17/2019,343.98
5/20/2019,375.38
5/21/2019,386.23
5/22/2019,380.78
5/23/2019,370.49
5/24/2019,386.59
5/27/2019,423.83
5/28/2019,420.34
5/29/2019,422.24
5/30/2019,415.5
5/31/2019,407.34
6/3/2019,412.14
6/4/2019,365.39
6/5/2019,376.72
6/6/2019,366.89
6/7/2019,384.69
6/10/2019,385.53
6/11/2019,383.65
6/12/2019,396.15
6/13/2019,399.43
6/14/2019,401.82
6/17/2019,440.51
6/18/2019,428.27
6/19/2019,433.51
6/20/2019,446.31
6/21/2019,466.06
6/24/2019,503.61
6/25/2019,518.26
6/26/2019,609.29
6/27/2019,486.17
6/28/2019,543.45
7/1/2019,463.69
7/2/2019,482.18
7/3/2019,500.99
7/4/2019,520.22
7/5/2019,493.68
7/8/2019,536.65
7/9/2019,542.11
7/10/2019,518.43
7/11/2019,497.31
7/12/2019,500.03
7/15/2019,459.73
7/16/2019,410.14
7/17/2019,415.62
7/18/2019,449.59
7/19/2019,443.1
7/22/2019,430.87
7/23/2019,433.93
7/24/2019,415.83
7/25/2019,421.8
7/26/2019,425.83
7/29/2019,406.99
7/30/2019,413.96
7/31/2019,428.44
8/1/2019,439.07
8/2/2019,442.21
8/5/2019,490.18
8/6/2019,484.5
8/7/2019,487.5
8/8/2019,477.2
8/9/2019,482.02
8/12/2019,471.65
8/13/2019,453.13
8/14/2019,417.68
8/15/2019,416.65
8/16/2019,431.06
8/19/2019,440.96
8/20/2019,440.79
8/21/2019,416.83
8/22/2019,421.19
8/23/2019,430.51
8/26/2019,423.68
8/27/2019,418.4
8/28/2019,395.51
8/29/2019,389.53
8/30/2019,392.47
9/2/2019,415.17
9/3/2019,431.47
9/4/2019,432.47
9/5/2019,423.82
9/6/2019,417.46
9/9/2019,420.77
9/10/2019,408.92
9/11/2019,410.5
9/12/2019,419.37
9/13/2019,415.46
9/16/2019,416.18
9/17/2019,428.47
9/18/2019,427.96
9/19/2019,430.63
9/20/2019,425.45
9/23/2019,409.6
9/24/2019,353.35
9/25/2019,345.85
9/26/2019,336.39
9/27/2019,332.66
9/30/2019,345.87
10/1/2019,346.11
10/2/2019,345.35
10/3/2019,339.77
10/4/2019,343.54
10/7/2019,347.03
10/8/2019,344.23
10/9/2019,362.9
10/10/2019,360.8
10/11/2019,349.4
10/14/2019,353.03
10/15/2019,344.61
10/16/2019,335.33
10/17/2019,340.79
10/18/2019,336.35
10/21/2019,344.92
10/22/2019,343.33
10/23/2019,315.44
10/24/2019,317.1
10/25/2019,362.2
10/28/2019,390.71
10/29/2019,386.63
10/30/2019,384.54
10/31/2019,385.14
11/1/2019,382.41
11/4/2019,395.05
11/5/2019,392.44
11/6/2019,390.44
11/7/2019,384.58
11/8/2019,370.18
11/11/2019,368.39
11/12/2019,370.75
11/13/2019,369.46
11/14/2019,364.92
11/15/2019,356.46
11/18/2019,345.3
11/19/2019,340.9
11/20/2019,339.94
11/21/2019,318.08
11/22/2019,307.22
11/25/2019,298.41
11/26/2019,297.92
11/27/2019,314.96
11/28/2019,315.68
11/29/2019,321.86
12/2/2019,303.68
12/3/2019,304.22
12/4/2019,300.65
12/5/2019,306.75
12/6/2019,308.42
12/9/2019,302.72
12/10/2019,298.96
12/11/2019,297.27
12/12/2019,300.92
12/13/2019,300.87
12/16/2019,282.31
12/17/2019,268.32
12/18/2019,290.3
12/19/2019,289.99
12/20/2019,292.86
12/23/2019,299.33
12/24/2019,292.76
12/25/2019,292.72
12/26/2019,293.73
12/27/2019,292.75
12/30/2019,296.01
12/31/2019,291.1
1/1/2020,294.68
1/2/2020,282.83
1/3/2020,298.83
1/6/2020,311.64
1/7/2020,332.87
1/8/2020,325.12
1/9/2020,316.25
1/10/2020,329.68
1/13/2020,333.58
1/14/2020,360.37
1/15/2020,366.34
1/16/2020,363.1
1/17/2020,370.28
1/20/2020,360.88
1/21/2020,363.97
1/22/2020,361.04
1/23/2020,347.19
1/24/2020,352.15
1/27/2020,373.95
1/28/2020,377.14
1/29/2020,389.7
1/30/2020,400.15
1/31/2020,388.68
2/3/2020,392.59
2/4/2020,387.51
2/5/2020,411.42
2/6/2020,417.77
2/7/2020,417.24
2/10/2020,424.01
2/11/2020,443.24
2/12/2020,457.34
2/13/2020,449.21
2/14/2020,460.41
2/17/2020,420.73
2/18/2020,447.8
2/19/2020,442.82
2/20/2020,416.03
2/21/2020,422.49
2/24/2020,417.1
2/25/2020,403.66
2/26/2020,377.59
2/27/2020,382.75
2/28/2020,370.22
3/2/2020,383.18
3/3/2020,373.93
3/4/2020,372.86
3/5/2020,391.28
3/6/2020,393.36
3/9/2020,333.35
3/10/2020,338.53
3/11/2020,331.97
3/12/2020,252.39
3/13/2020,227.81
3/16/2020,210.5
3/17/2020,224.8
3/18/2020,223.56
3/19/2020,261.04
3/20/2020,256.04
3/23/2020,260.72
3/24/2020,277.99
3/25/2020,273.27
3/26/2020,275.59
3/27/2020,276.41
3/30/2020,265.1
3/31/2020,269.06
4/1/2020,258.42
4/2/2020,282.09
4/3/2020,282.42
4/6/2020,306.55
4/7/2020,307.36
4/8/2020,309.92
4/9/2020,306.33
4/10/2020,290.46
4/13/2020,286.31
4/14/2020,291.58
4/15/2020,283.45
4/16/2020,296.05
4/17/2020,299.41
4/20/2020,287.09
4/21/2020,292.1
4/22/2020,301.94
4/23/2020,319.49
4/24/2020,319.19
4/27/2020,326.19
4/28/2020,328.05
4/29/2020,368.71
4/30/2020,368.87
5/1/2020,365.58
5/4/2020,368.12
5/5/2020,370.08
5/6/2020,380.73
5/7/2020,403.76
5/8/2020,407.15
5/11/2020,356.79
5/12/2020,361.09
5/13/2020,374.46
5/14/2020,392.11
5/15/2020,378.13
5/18/2020,396.58
5/19/2020,393.95
5/20/2020,389.39
5/21/2020,369.44
5/22/2020,376.51
5/25/2020,368.36
5/26/2020,362.23
5/27/2020,376.11
5/28/2020,388.26
5/29/2020,387.24
6/1/2020,399.08
6/2/2020,395.57
6/3/2020,399.91
6/4/2020,408.31
6/5/2020,405.69
6/8/2020,404.26
6/9/2020,405.48
6/10/2020,411.44
6/11/2020,384.76
6/12/2020,392.47
6/15/2020,390.97
6/16/2020,393.45
6/17/2020,387.12
6/18/2020,388.98
6/19/2020,385.24
6/22/2020,398.23
6/23/2020,401.05
6/24/2020,386.57
6/25/2020,386.37
6/26/2020,382.03
6/29/2020,379.66
6/30/2020,378.21
7/1/2020,384.11
7/2/2020,375.55
7/3/2020,377.99
7/6/2020,388.97
7/7/2020,388.29
7/8/2020,400.56
7/9/2020,389.59
7/10/2020,390.59
7/13/2020,390.31
7/14/2020,394.18
7/15/2020,389.25
7/16/2020,385.73
7/17/2020,387.28
7/20/2020,386.7
7/21/2020,396.45
7/22/2020,397.33
7/23/2020,411.18
7/24/2020,412.94
7/27/2020,463.97
7/28/2020,472.44
7/29/2020,480.23
7/30/2020,479.98
7/31/2020,490.13
8/3/2020,506.27
8/4/2020,498.63
8/5/2020,515.05
8/6/2020,523.9
8/7/2020,503.95
8/10/2020,523.05
8/11/2020,501.77
8/12/2020,510.67
8/13/2020,512.8
8/14/2020,533.82
8/17/2020,556.9
8/18/2020,538.85
8/19/2020,518.57
8/20/2020,529.25
8/21/2020,517.28
8/24/2020,521.37
8/25/2020,498.11
8/26/2020,507.3
8/27/2020,494.92
8/28/2020,509.05
8/31/2020,528.21
9/1/2020,546.03
9/2/2020,513.87
9/3/2020,482.7
9/4/2020,475.1
9/7/2020,447.94
9/8/2020,441.21
9/9/2020,456.26
9/10/2020,457.77
9/11/2020,460.95
9/14/2020,473.47
9/15/2020,473.48
9/16/2020,479.92
9/17/2020,483.54
9/18/2020,478.65
9/21/2020,453.74
9/22/2020,453.81
9/23/2020,442.93
9/24/2020,460.78
9/25/2020,467.58
9/28/2020,474.91
9/29/2020,468.73
9/30/2020,466.72
10/1/2020,462.26
10/2/2020,456.04
10/5/2020,467.26
10/6/2020,458.11
10/7/2020,461.29
10/8/2020,472.36
10/9/2020,480.89
10/12/2020,504.68
10/13/2020,496.98
10/14/2020,493.58
10/15/2020,500.93
10/16/2020,489.27
10/19/2020,504.67
10/20/2020,506.49
10/21/2020,539.22
10/22/2020,558.86
10/23/2020,550.55
10/26/2020,548.92
10/27/2020,573.52
10/28/2020,551.42
10/29/2020,562.19
10/30/2020,560.7
11/2/2020,564.28
11/3/2020,564.38
11/4/2020,577.53
11/5/2020,614.9
11/6/2020,635.94
11/9/2020,632.88
11/10/2020,631.74
11/11/2020,648.42
11/12/2020,659.46
11/13/2020,666.28
11/16/2020,684.34
11/17/2020,718.58
11/18/2020,712.22
11/19/2020,727.46
11/20/2020,755.66
11/23/2020,785.16
11/24/2020,824.99
11/25/2020,806.68
11/26/2020,728.98
11/27/2020,722.47
11/30/2020,827.53
12/1/2020,809.85
12/2/2020,812.86
12/3/2020,825.36
12/4/2020,802.82
12/7/2020,804.87
12/8/2020,783.6
12/9/2020,775.45
12/10/2020,775.39
12/11/2020,757.19
12/14/2020,803.87
12/15/2020,814.72
12/16/2020,867.59
12/17/2020,939.8
12/18/2020,939.98
12/21/2020,926.57
12/22/2020,944.26
12/23/2020,921.21
12/24/2020,922.28
12/25/2020,962
12/28/2020,1059.47
12/29/2020,1057.63
12/30/2020,1116.23
12/31/2020,1129.05
1/1/2021,1131.74
1/4/2021,1258.46
1/5/2021,1360.73
1/6/2021,1460.79
1/7/2021,1569.72
1/8/2021,1529.41
1/11/2021,1329.61
1/12/2021,1370.02
1/13/2021,1447.18
1/14/2021,1564.75
1/15/2021,1433.95
1/18/2021,1483.38
1/19/2021,1524.41
1/20/2021,1470.79
1/21/2021,1335.83
1/22/2021,1404.86
1/25/2021,1419.49
1/26/2021,1369.71
1/27/2021,1343.31
1/28/2021,1388.2
1/29/2021,1451.08
2/1/2021,1439.95
2/2/2021,1540.34
2/3/2021,1611.42
2/4/2021,1630.81
2/5/2021,1659.34
2/8/2021,1874.63
2/9/2021,1992.84
2/10/2021,1921.03
2/11/2021,2025.98
2/12/2021,2077.8
2/15/2021,2114.15
2/16/2021,2088.93
2/17/2021,2230.98
2/18/2021,2257.12
2/19/2021,2403.11
2/22/2021,2307.88
2/23/2021,2035.39
2/24/2021,2098.92
2/25/2021,2096.81
2/26/2021,1978.75
3/1/2021,2079.55
3/2/2021,2031.14
3/3/2021,2156.73
3/4/2021,2062.33
3/5/2021,2099.61
3/8/2021,2225.86
3/9/2021,2337.21
3/10/2021,2376.89
3/11/2021,2426.44
3/12/2021,2364.16
3/15/2021,2366.56
3/16/2021,2350.7
3/17/2021,2440.73
3/18/2021,2396.28
3/19/2021,2479.98
3/22/2021,2343.95
3/23/2021,2319.25
3/24/2021,2281.96
3/25/2021,2196.47
3/26/2021,2275.42
3/29/2021,2434.12
3/30/2021,2493.34
3/31/2021,2483.8
4/1/2021,2528.94
4/2/2021,2550.88
4/5/2021,2599.49
4/6/2021,2592.09
4/7/2021,2462.85
4/8/2021,2557.58
4/9/2021,2587.54
4/12/2021,2704.2
4/13/2021,2843.19
4/14/2021,2806.16
4/15/2021,2911.65
4/16/2021,2855.2
4/19/2021,2579.63
4/20/2021,2654.83
4/21/2021,2635.23
4/22/2021,2545.29
4/23/2021,2422.49
4/26/2021,2565.72
4/27/2021,2633.38
4/28/2021,2677.58
4/29/2021,2589.5
4/30/2021,2762.67
5/3/2021,2898.77
5/4/2021,2802.1
5/5/2021,2943.24
5/6/2021,2930.2
5/7/2021,2982.76
5/10/2021,2988.01
5/11/2021,3066.77
5/12/2021,2982.57
5/13/2021,2671.04
5/14/2021,2840.38
5/17/2021,2494.22
5/18/2021,2470.55
5/19/2021,2066.38
5/20/2021,2139.64
5/21/2021,1856.44
5/24/2021,2036.02
5/25/2021,1921.4
5/26/2021,2046.19
5/27/2021,2063.72
5/28/2021,1888.83
5/31/2021,1956.46
6/1/2021,1917.31
6/2/2021,2049.27
6/3/2021,2086.1
6/4/2021,1988.57
6/7/2021,1952.98
6/8/2021,1791.4
6/9/2021,1919
6/10/2021,1900.41
6/11/2021,1895.6
6/14/2021,2014.98
6/15/2021,2021.02
6/16/2021,1950.11
6/17/2021,1900.83
6/18/2021,1772.44
6/21/2021,1611.84
6/22/2021,1565.03
6/23/2021,1593.36
6/24/2021,1700.75
6/25/2021,1570.01
6/28/2021,1700.38
6/29/2021,1797.26
6/30/2021,1744.39
7/1/2021,1654.05
7/2/2021,1664.07
7/5/2021,1729.01
7/6/2021,1748.71
7/7/2021,1786.48
7/8/2021,1677.94
7/9/2021,1684.94
7/12/2021,1632.97
7/13/2021,1591.36
7/14/2021,1613.95
7/15/2021,1561.1
7/16/2021,1563.94
7/19/2021,1491.22
7/20/2021,1444.75
7/21/2021,1543.5
7/22/2021,1598.82
7/23/2021,1584.94
7/26/2021,1912.94
7/27/2021,1810.33
7/28/2021,1910.71
7/29/2021,1893.2
7/30/2021,1908.79
8/2/2021,1953.65
8/3/2021,1893.93
8/4/2021,1999.74
8/5/2021,2050.35
8/6/2021,2150.71
8/9/2021,2292.63
8/10/2021,2290.49
8/11/2021,2380.46
8/12/2021,2258.79
8/13/2021,2378.7
8/16/2021,2401.66
8/17/2021,2361.57
8/18/2021,2323.88
8/19/2021,2434.11
8/20/2021,2533.61
8/23/2021,2595.1
8/24/2021,2528.53
8/25/2021,2540.33
8/26/2021,2440.77
8/27/2021,2540.66
8/30/2021,2582.74
8/31/2021,2555.37
9/1/2021,2655.09
9/2/2021,2720.02
9/3/2021,2801.54
9/6/2021,2859.39
9/7/2021,2515.49
9/8/2021,2549.14
9/9/2021,2549.79
9/10/2021,2487.83
9/13/2021,2449.69
9/14/2021,2519.74
9/15/2021,2627.04
9/16/2021,2599.57
9/17/2021,2557.9
9/20/2021,2323.34
9/21/2021,2213.19
9/22/2021,2324.69
9/23/2021,2404.56
9/24/2021,2259.11
9/27/2021,2280.71
9/28/2021,2186.24
9/29/2021,2174.16
9/30/2021,2297.05
10/1/2021,2534.54
10/4/2021,2603.19
10/5/2021,2668.95
10/6/2021,2797.97
10/7/2021,2775.68
10/8/2021,2797.46
10/11/2021,2821.98
10/12/2021,2752.53
10/13/2021,2841.74
10/14/2021,2918.34
10/15/2021,3046.52
10/18/2021,3009.26
10/19/2021,3100.95
10/20/2021,3257.8
10/21/2021,3141.08
10/22/2021,3084.68
10/25/2021,3180.71
10/26/2021,3180.07
10/27/2021,2998.84
10/28/2021,3136.04
10/29/2021,3218.89
11/1/2021,3193.58
11/2/2021,3306.01
11/3/2021,3323.53
11/4/2021,3246.06
11/5/2021,3258.08
11/8/2021,3481.16
11/9/2021,3531.78
11/10/2021,3427.74
11/11/2021,3419.21
11/12/2021,3375.12
11/15/2021,3353.81
11/16/2021,3108.74
11/17/2021,3152.53
11/18/2021,3007.71
11/19/2021,3074.36
11/22/2021,2973.19
11/23/2021,3118.4
11/24/2021,3053.45
11/25/2021,3162.47
11/26/2021,2921.45
11/29/2021,3099.58
11/30/2021,3132.58
12/1/2021,3103.18
12/2/2021,3120.16
12/3/2021,2922.3
12/6/2021,2705.96
12/7/2021,2787.91
12/8/2021,2836.26
12/9/2021,2654.07
12/10/2021,2656.14
12/13/2021,2501.99
12/14/2021,2561.51
12/15/2021,2680.44
12/16/2021,2629.83
12/17/2021,2529.3
12/20/2021,2601.42
12/21/2021,2678.94
12/22/2021,2717.27
12/23/2021,2828.34
12/24/2021,2825.24
12/27/2021,2868.04
12/28/2021,2663.94
12/29/2021,2631.76
12/30/2021,2619.89
12/31/2021,2541.53
1/3/2022,2576.27
1/4/2022,2612.77
1/5/2022,2455.44
1/6/2022,2409.03
1/7/2022,2306.54
1/10/2022,2248.63
1/11/2022,2336.08
1/12/2022,2425.76
1/13/2022,2365.19
1/14/2022,2387.81
1/17/2022,2328.55
1/18/2022,2284.03
1/19/2022,2268.39
1/20/2022,2326.37
1/21/2022,2044.15
1/24/2022,1910.54
1/25/2022,1892
1/26/2022,1910.37
1/27/2022,1811.63
1/28/2022,1916.38
1/31/2022,1974.69
2/1/2022,1998.56
2/2/2022,1959.06
2/3/2022,1882.83
2/4/2022,2101.05
2/7/2022,2294.98
2/8/2022,2274.56
2/9/2022,2328.43
2/10/2022,2264.19
2/11/2022,2149.15
2/14/2022,2125.55
2/15/2022,2249.04
2/16/2022,2256.9
2/17/2022,2088.91
2/18/2022,2034.15
2/21/2022,1929.67
2/22/2022,1898.77
2/23/2022,1908.31
2/24/2022,1921.11
2/25/2022,1967.48
2/28/2022,2091.02
3/1/2022,2193.06
3/2/2022,2171.21
3/3/2022,2082.6
3/4/2022,1961.15
3/7/2022,1856.71
3/8/2022,1906.23
3/9/2022,2046.35
3/10/2022,1967.91
3/11/2022,1900.18
3/14/2022,1905.36
3/15/2022,1962.18
3/16/2022,2022.1
3/17/2022,2043.31
3/18/2022,2107.54
3/21/2022,2086.2
3/22/2022,2136.44
3/23/2022,2141.75
3/24/2022,2239.8
3/25/2022,2242.97
3/28/2022,2443.89
3/29/2022,2436.63
3/30/2022,2424.07
3/31/2022,2347.25
4/1/2022,2424.09
4/4/2022,2411.2
4/5/2022,2407.94
4/6/2022,2259.93
4/7/2022,2246.62
4/8/2022,2221.46
4/11/2022,2056.04
4/12/2022,2030.6
4/13/2022,2118.76
4/14/2022,2053.6
4/15/2022,2082.51
4/18/2022,2085.8
4/19/2022,2139.48
4/20/2022,2121.71
4/21/2022,2111.44
4/22/2022,2043.8
4/25/2022,2064.82
4/26/2022,1955.66
4/27/2022,1977.73
4/28/2022,2031.67
4/29/2022,1940.9
5/2/2022,1936.61
5/3/2022,1896.81
5/4/2022,2024.12
5/5/2022,1850.87
5/6/2022,1836.15
5/9/2022,1536.86
5/10/2022,1565.5
5/11/2022,1385.39
5/12/2022,1324.2
5/13/2022,1410.9
5/16/2022,1391.9
5/17/2022,1414.15
5/18/2022,1367.54
5/19/2022,1386.67
5/20/2022,1362.93
5/23/2022,1363.96
5/24/2022,1365.47
5/25/2022,1368.79
5/26/2022,1323.44
5/27/2022,1288.5
5/30/2022,1387.26
5/31/2022,1420
6/1/2022,1344.7
6/2/2022,1351.87
6/3/2022,1309.9
6/6/2022,1388.24
6/7/2022,1373.18
6/8/2022,1334.97
6/9/2022,1329.76
6/10/2022,1270.62
6/13/2022,995.33
6/14/2022,965.83
6/15/2022,952.69
6/16/2022,911.5
6/17/2022,901.45
6/20/2022,899.46
6/21/2022,931.37
6/22/2022,897.31
6/23/2022,936.55
6/24/2022,974.91
6/27/2022,951.38
6/28/2022,922.73
6/29/2022,909.81
6/30/2022,849.63
7/1/2022,873.61
7/4/2022,901.27
7/5/2022,922.43
7/6/2022,924.06
7/7/2022,989.45
7/8/2022,985.25
7/11/2022,924.84
7/12/2022,868.82
7/13/2022,883.34
7/14/2022,940.41
7/15/2022,973.28
7/18/2022,1032.5
7/19/2022,1110.27
7/20/2022,1108.65
7/21/2022,1102.19
7/22/2022,1070.14
7/25/2022,1038.48
7/26/2022,979.95
7/27/2022,1088.57
7/28/2022,1152.43
7/29/2022,1161.82
8/1/2022,1112.23
8/2/2022,1114.92
8/3/2022,1139.48
8/4/2022,1099.06
8/5/2022,1135.02
8/8/2022,1192
8/9/2022,1142.15
8/10/2022,1188.82
8/11/2022,1220.34
8/12/2022,1225.85
8/15/2022,1208.97
8/16/2022,1205.24
8/17/2022,1172.71
8/18/2022,1176.72
8/19/2022,1072.63
8/22/2022,1039.96
8/23/2022,1072.86
8/24/2022,1084.75
8/25/2022,1087.81
8/26/2022,1023.04
8/29/2022,1000.99
8/30/2022,999.02
8/31/2022,1013.22
9/1/2022,999.21
9/2/2022,1000.4
9/5/2022,1002.78
9/6/2022,968.71
9/7/2022,976.2
9/8/2022,1007.35
9/9/2022,1079.7
9/12/2022,1114.08
9/13/2022,1021.93
9/14/2022,1011.5
9/15/2022,986.03
9/16/2022,968.09
9/19/2022,950.84
9/20/2022,932.27
9/21/2022,928.07
9/22/2022,940.66
9/23/2022,921.73
9/26/2022,939.75
9/27/2022,932.51
9/28/2022,949.19
9/29/2022,945.54
9/30/2022,948.98
10/3/2022,946.57
10/4/2022,977.22
10/5/2022,971.53
10/6/2022,969.57
10/7/2022,945.94
10/10/2022,932.76
10/11/2022,915.58
10/12/2022,921.79
10/13/2022,925.01
10/14/2022,920.12
10/17/2022,939.06
10/18/2022,924.31
10/19/2022,923.54
10/20/2022,910.56
10/21/2022,918.87
10/24/2022,932.45
10/25/2022,993.69
10/26/2022,1018.37
10/27/2022,1014.9
10/28/2022,1017.48
10/31/2022,1020.37
11/1/2022,1023.06
11/2/2022,1005.66
11/3/2022,1016.33
11/4/2022,1071.5
11/7/2022,1052.03
11/8/2022,898.74
11/9/2022,818.68
11/10/2022,893.97
11/11/2022,826.01
11/14/2022,801.11
11/15/2022,828.06
11/16/2022,810.25
11/17/2022,810.93
11/18/2022,811.96
11/21/2022,759.79
11/22/2022,778.07
11/23/2022,811.78
11/24/2022,814.73
11/25/2022,814.49
11/28/2022,799.65
11/29/2022,816.24
11/30/2022,848.76
12/1/2022,837.26
12/2/2022,845.55
12/5/2022,834.99
12/6/2022,835.78
12/7/2022,823.04
12/8/2022,844.15
12/9/2022,837.52
12/12/2022,832.99
12/13/2022,859.38
12/14/2022,856.98
12/15/2022,838.83
12/16/2022,804.75
12/19/2022,782.65
12/20/2022,799
12/21/2022,794.14
12/22/2022,795.24
12/23/2022,796.87
12/26/2022,797.45
12/27/2022,790.88
12/28/2022,783.28
12/29/2022,781.91
12/30/2022,782.41
1/2/2023,797.29
1/3/2023,793.52
1/4/2023,808.87
1/5/2023,811.75
1/6/2023,814.62
1/9/2023,844.49
1/10/2023,858.63
1/11/2023,860.11
1/12/2023,922.36
1/13/2023,935.16
1/16/2023,1022.38
1/17/2023,1026.43
1/18/2023,986.52
1/19/2023,1005.87
1/20/2023,1061.1
1/23/2023,1086.6
1/24/2023,1082.14
1/25/2023,1072.18
1/26/2023,1085.16
1/27/2023,1085.99
1/30/2023,1060.61
1/31/2023,1082.57
2/1/2023,1107.06
2/2/2023,1132.25
2/3/2023,1113.09
2/6/2023,1101.96
2/7/2023,1113.76
2/8/2023,1097.08
2/9/2023,1053.1
2/10/2023,1036.62
2/13/2023,1020.14
2/14/2023,1055.32
2/15/2023,1134.86
2/16/2023,1149.98
2/17/2023,1168.44
2/20/2023,1170.66
2/21/2023,1150.18
2/22/2023,1118.54
2/23/2023,1130.44
2/24/2023,1095.57
2/27/2023,1098.27
2/28/2023,1096.01
3/1/2023,1103.44
3/2/2023,1101.95
3/3/2023,1048.45
3/6/2023,1046.29
3/7/2023,1032.17
3/8/2023,1034.09
3/9/2023,942.07
3/10/2023,941.94
3/13/2023,1122.08
3/14/2023,1154.49
3/15/2023,1111.34
3/16/2023,1139.67
3/17/2023,1204.26
3/20/2023,1226.7
3/21/2023,1246.77
3/22/2023,1183.01
3/23/2023,1254.09
3/24/2023,1222.26
3/27/2023,1179.12
3/28/2023,1211.39
3/29/2023,1246.04
3/30/2023,1226.32
3/31/2023,1251.31
4/3/2023,1238.22
4/4/2023,1250.08
4/5/2023,1258.98
4/6/2023,1245.34
4/7/2023,1238.13
4/10/2023,1278.62
4/11/2023,1309.7
4/12/2023,1298.56
4/13/2023,1337.42
4/14/2023,1354.44
4/17/2023,1335.96
4/18/2023,1357.4
4/19/2023,1302.99
4/20/2023,1256.41
4/21/2023,1214.1
4/24/2023,1218.55
4/25/2023,1224.97
4/26/2023,1228.4
4/27/2023,1297.74
4/28/2023,1280.16
5/1/2023,1222.99
5/2/2023,1257.13
5/3/2023,1244.65
5/4/2023,1261.75
5/5/2023,1301.19
5/8/2023,1199.3
5/9/2023,1213.96
5/10/2023,1215.52
5/11/2023,1175.68
5/12/2023,1168.69
5/15/2023,1205.94
5/16/2023,1188.16
5/17/2023,1207.19
5/18/2023,1179.57
5/19/2023,1185.78
5/22/2023,1186.84
5/23/2023,1202.17
5/24/2023,1162.82
5/25/2023,1171.77
5/26/2023,1185.87
5/29/2023,1221.28
5/30/2023,1230.64
5/31/2023,1196.78
6/1/2023,1193.82
6/2/2023,1213.22
6/5/2023,1139.71
6/6/2023,1196.22
6/7/2023,1162.09
6/8/2023,1163.86
6/9/2023,1152.13
6/12/2023,1099.59
6/13/2023,1106.2
6/14/2023,1105.69
6/15/2023,1079.83
6/16/2023,1114.66
6/19/2023,1123.47
6/20/2023,1170.79
6/21/2023,1248.79
6/22/2023,1252.39
6/23/2023,1277.18
6/26/2023,1250.12
6/27/2023,1269.34
6/28/2023,1234.6
6/29/2023,1256.58
6/30/2023,1270.82
7/3/2023,1308.51
7/4/2023,1283.94
7/5/2023,1267.47
7/6/2023,1261.24
7/7/2023,1255.96
7/10/2023,1281.61
7/11/2023,1269.64
7/12/2023,1259.64
7/13/2023,1334.55
7/14/2023,1272.56
7/17/2023,1259.73
7/18/2023,1253.94
7/19/2023,1270.45
7/20/2023,1258.83
7/21/2023,1265.37
7/24/2023,1229.42
7/25/2023,1232.56
7/26/2023,1243.56
7/27/2023,1234.98
7/28/2023,1243.48
7/31/2023,1232.93
8/1/2023,1236.24
8/2/2023,1227.01
8/3/2023,1229.51
8/4/2023,1219.31
8/7/2023,1221.82
8/8/2023,1252.06
8/9/2023,1236.17
8/10/2023,1235.82
8/11/2023,1233.41
8/14/2023,1232.82
8/15/2023,1220.07
8/16/2023,1213.13
8/17/2023,1163.81
8/18/2023,1095.18
8/21/2023,1098.72
8/22/2023,1078.19
8/23/2023,1118.31
8/24/2023,1093.41
8/25/2023,1090.31
8/28/2023,1091.91
8/29/2023,1161.3
8/30/2023,1134.1
8/31/2023,1095.62
9/1/2023,1073.69
9/4/2023,1083.66
9/5/2023,1078.35
9/6/2023,1078.24
9/7/2023,1084.54
9/8/2023,1084.13
9/11/2023,1036.53
9/12/2023,1078.07
9/13/2023,1081.19
9/14/2023,1103.58
9/15/2023,1094.28
9/18/2023,1111.92
9/19/2023,1123.79
9/20/2023,1110.33
9/21/2023,1094.89
9/22/2023,1092.79
9/25/2023,1087.89
9/26/2023,1084.67
9/27/2023,1086.44
9/28/2023,1122.92
9/29/2023,1119.74
10/2/2023,1151.59
10/3/2023,1127.14
10/4/2023,1134.26
10/5/2023,1126.3
10/6/2023,1146.02
10/9/2023,1119.22
10/10/2023,1110.89
10/11/2023,1092.09
10/12/2023,1083.74
10/13/2023,1089.23
10/16/2023,1146.48
10/17/2023,1141.68
10/18/2023,1132.99
10/19/2023,1148.22
10/20/2023,1179.19
10/23/2023,1254.6
10/24/2023,1330.28
10/25/2023,1360.3
10/26/2023,1340.27
10/27/2023,1328.39
10/30/2023,1359.36
10/31/2023,1363
11/1/2023,1374.36
11/2/2023,1383.54
11/3/2023,1369.8
11/6/2023,1412.08
11/7/2023,1429.68
11/8/2023,1430.07
11/9/2023,1474.52
11/10/2023,1514.71
11/13/2023,1504.83
11/14/2023,1440.15
11/15/2023,1529.22
11/16/2023,1462.26
11/17/2023,1470.82
11/20/2023,1521.15
11/21/2023,1486.37
11/22/2023,1523.55
11/23/2023,1509.93
11/24/2023,1531.32
11/27/2023,1479.79
11/28/2023,1537.6
11/29/2023,1512.91
11/30/2023,1518.54
12/1/2023,1555.74
12/4/2023,1660.06
12/5/2023,1720.9
12/6/2023,1723.6
12/7/2023,1727.46
12/8/2023,1779.81
12/11/2023,1652.61
12/12/2023,1667.66
12/13/2023,1732.46
12/14/2023,1739.51
12/15/2023,1714.55
12/18/2023,1687.78
12/19/2023,1692.83
12/20/2023,1736.74
12/21/2023,1776.61
12/22/2023,1789.81
12/25/2023,1795.84
12/26/2023,1748.3
12/27/2023,1818.51
12/28/2023,1785.64
12/29/2023,1760.72
1/1/2024,1820.99
1/2/2024,1847.85
1/3/2024,1756.94
1/4/2024,1811.31
1/5/2024,1787.32
1/8/2024,1867.33
1/9/2024,1837.65
1/10/2024,1872.89
1/11/2024,1911.6
1/12/2024,1831.76
1/15/2024,1806.43
1/16/2024,1823.06
1/17/2024,1800.13
1/18/2024,1719.31
1/19/2024,1748.07
1/22/2024,1678.91
1/23/2024,1617.17
1/24/2024,1632.01
1/25/2024,1646
1/26/2024,1718.37
1/29/2024,1770.96
1/30/2024,1794.98
1/31/2024,1741.53
2/1/2024,1756.51
2/2/2024,1759.27
2/5/2024,1739.94
2/6/2024,1775.35
2/7/2024,1815.81
2/8/2024,1856.18
2/9/2024,1924.82
2/12/2024,2030.87
2/13/2024,2005.55
2/14/2024,2096.44
2/15/2024,2110.55
2/16/2024,2104.39
2/19/2024,2137.09
2/20/2024,2142.96
2/21/2024,2094.65
2/22/2024,2152.59
2/23/2024,2115.4
2/26/2024,2258.16
2/27/2024,2334.41
2/28/2024,2431.97
2/29/2024,2509.48
3/1/2024,2548.86
3/4/2024,2719.61
3/5/2024,2499.8
3/6/2024,2757.32
3/7/2024,2807.49
3/8/2024,2854.79
3/11/2024,2956.85
3/12/2024,2944.62
3/13/2024,3023.98
3/14/2024,2861.79
3/15/2024,2848.01
3/18/2024,2744.43
3/19/2024,2638.72
3/20/2024,2690.25
3/21/2024,2686
3/22/2024,2631.23
3/25/2024,2911.7
3/26/2024,2847.47
3/27/2024,2805.63
3/28/2024,2883.84
3/29/2024,2852.79
4/1/2024,2835.12
4/2/2024,2683.6
4/3/2024,2678.1
4/4/2024,2770.21
4/5/2024,2719.98
4/8/2024,2914.65
4/9/2024,2801.38
4/10/2024,2825.61
4/11/2024,2834.42
4/12/2024,2630.2
4/15/2024,2500.07
4/16/2024,2464.33
4/17/2024,2414.23
4/18/2024,2500.25
4/19/2024,2535.75
4/22/2024,2636.91
4/23/2024,2642.57
4/24/2024,2549.06
4/25/2024,2571.73
4/26/2024,2533.35
4/29/2024,2507.53
4/30/2024,2341.93
5/1/2024,2290.91
5/2/2024,2383.75
5/3/2024,2479.3
5/6/2024,2517.49
5/7/2024,2506.06
5/8/2024,2467.93
5/9/2024,2488.66
5/10/2024,2417.29
5/13/2024,2491.73
5/14/2024,2425.02
5/15/2024,2583.98
5/16/2024,2545.11
5/17/2024,2631.46
5/20/2024,2780.38
5/21/2024,2799.37
5/22/2024,2813.05
5/23/2024,2735.66
5/24/2024,2786.24
5/27/2024,2811.88
5/28/2024,2784.72
5/29/2024,2737.13
5/30/2024,2775.09
5/31/2024,2744.47
6/3/2024,2792.24
6/4/2024,2844.07
6/5/2024,2888.59
6/6/2024,2848.48
6/7/2024,2777.23
6/10/2024,2768.76
6/11/2024,2664.39
6/12/2024,2683.31
6/13/2024,2641.91
6/14/2024,2588.21
6/17/2024,2643.07
6/18/2024,2530.37
6/19/2024,2576.5
6/20/2024,2578.84
6/21/2024,2553.29
6/24/2024,2376.57
6/25/2024,2486.86
6/26/2024,2456.43
6/27/2024,2484.01
6/28/2024,2427.04
7/1/2024,2532.79
7/2/2024,2493.45
7/3/2024,2389.45
7/4/2024,2314.29
7/5/2024,2234.77
7/8/2024,2247.46
7/9/2024,2300.88
7/10/2024,2297.47
7/11/2024,2295.89
7/12/2024,2307.67
7/15/2024,2534.21
7/16/2024,2597.55
7/17/2024,2568.45
7/18/2024,2531.19
7/19/2024,2663.86
7/22/2024,2692.49
7/23/2024,2598.11
7/24/2024,2587.85
7/25/2024,2505.89
7/26/2024,2636.55
7/29/2024,2624.94
7/30/2024,2571.74
7/31/2024,2551.99
8/1/2024,2461.8
8/2/2024,2408.61
8/5/2024,2025.77
8/6/2024,2150.11
8/7/2024,2066.3
8/8/2024,2243.02
8/9/2024,2279.95
8/12/2024,2241.95
8/13/2024,2302.41
8/14/2024,2245.18
8/15/2024,2169.69
8/16/2024,2251.41
8/19/2024,2241.09
8/20/2024,2263.86
8/21/2024,2329.99
8/22/2024,2294.14
8/23/2024,2415.75
8/26/2024,2386.04
8/27/2024,2336.16
8/28/2024,2224.97
8/29/2024,2234
8/30/2024,2210.97
9/2/2024,2199.44
9/3/2024,2172.23
9/4/2024,2171.85
9/5/2024,2099.69
9/6/2024,2005.55
9/9/2024,2146.07
9/10/2024,2175.84
9/11/2024,2158.33
9/12/2024,2188.21
9/13/2024,2235.1
9/16/2024,2151.26
9/17/2024,2220.57
9/18/2024,2214.69
9/19/2024,2341.25
9/20/2024,2345.52
9/23/2024,2392.33
9/24/2024,2421.06
9/25/2024,2377.8
9/26/2024,2441.66
9/27/2024,2483.04
9/30/2024,2393.7
10/1/2024,2308.09
10/2/2024,2241.56
10/3/2024,2259.64
10/4/2024,2319.31
10/7/2024,2354.2
10/8/2024,2319.38
10/9/2024,2276.39
10/10/2024,2229.52
10/11/2024,2346.24
10/14/2024,2458.15
10/15/2024,2477.29
10/16/2024,2498.43
10/17/2024,2462.75
10/18/2024,2526.21
10/21/2024,2517.51
10/22/2024,2499.61
10/23/2024,2450.35
10/24/2024,2510.59
10/25/2024,2447
10/28/2024,2527.32
10/29/2024,2628.07
10/30/2024,2611.27
10/31/2024,2525.35
11/1/2024,2505.56
11/4/2024,2419.72
11/5/2024,2488.6
11/6/2024,2733.19
11/7/2024,2788.4
11/8/2024,2798.8
11/11/2024,3186.79
11/12/2024,3229.24
11/13/2024,3201.13
11/14/2024,3137.81
11/15/2024,3246.79
11/18/2024,3298.27
11/19/2024,3311.99
11/20/2024,3344.55
11/21/2024,3504.07
11/22/2024,3543.32
11/25/2024,3490.59
11/26/2024,3343.42
11/27/2024,3564.14
11/28/2024,3502.88
11/29/2024,3593.55
12/2/2024,3577.29
12/3/2024,3618.07
12/4/2024,3763.5
12/5/2024,3750.85
12/6/2024,3868.63
12/9/2024,3604.85
12/10/2024,3570.88
12/11/2024,3770.52
12/12/2024,3761.23
12/13/2024,3806.36
12/16/2024,3912.9
12/17/2024,3916.23
12/18/2024,3675.75
12/19/2024,3466.56
12/20/2024,3485.6
12/23/2024,3410.31
12/24/2024,3532.48
12/25/2024,3583.05
12/26/2024,3443.97
12/27/2024,3425.23
12/30/2024,3430.25
12/31/2024,3389.27
1/1/2025,3440.16
1/2/2025,3537.58
1/3/2025,3621.22
1/6/2025,3742.91
1/7/2025,3506.34
1/8/2025,3401.77
1/9/2025,3319.59
1/10/2025,3415.94
1/13/2025,3338.15
1/14/2025,3449.73
1/15/2025,3591.39
1/16/2025,3619.01
1/17/2025,3774.88
1/20/2025,3678.51
1/21/2025,3757.4
1/22/2025,3706.32
1/23/2025,3659.59
1/24/2025,3713.29
1/27/2025,3565.57
1/28/2025,3536.66
1/29/2025,3631.25
1/30/2025,3680
1/31/2025,3604.79
2/3/2025,3417.96
2/4/2025,3340.49
2/5/2025,3301.68
2/6/2025,3277.49
2/7/2025,3217.33
2/10/2025,3300.97
2/11/2025,3237.99
2/12/2025,3311.17
2/13/2025,3281.71
2/14/2025,3323.67
2/17/2025,3273.42
2/18/2025,3184.99
2/19/2025,3260.82
2/20/2025,3337.63
2/21/2025,3215.6
2/24/2025,3170.4
2/25/2025,2987.11
2/26/2025,2860.87
2/27/2025,2822.27
2/28/2025,2840.71
3/3/2025,2871.3
3/4/2025,2888.46
3/5/2025,3012.94
3/6/2025,2966.28
3/7/2025,2906.34
3/10/2025,2601.81
3/11/2025,2732.31
3/12/2025,2715.19
3/13/2025,2638.43
3/14/2025,2778.87
3/17/2025,2789.06
3/18/2025,2722.32
3/19/2025,2831.59
3/20/2025,2785.65
3/21/2025,2778.46
3/24/2025,2920.18
3/25/2025,2918.62
3/26/2025,2854.28
3/27/2025,2871.09
3/28/2025,2741.9
3/31/2025,2686.05
4/1/2025,2765.2
4/2/2025,2815.24
4/3/2025,2649.63
4/4/2025,2713.66
4/7/2025,2486.87
4/8/2025,2435.25
4/9/2025,2634.8
4/10/2025,2536.82
4/11/2025,2663.8
4/14/2025,2708.7
4/15/2025,2672.73
4/16/2025,2679.8
4/17/2025,2690.23
4/18/2025,2688.88
4/21/2025,2760.6
4/22/2025,2892.1
4/23/2025,2966.56
4/24/2025,2969.89
4/25/2025,3020.43
4/28/2025,3008.74
4/29/2025,3023.99
4/30/2025,2975.98
5/1/2025,3051.69
5/2/2025,3054.27
5/5/2025,2975.37
5/6/2025,2981.97
5/7/2025,3010.18
5/8/2025,3219.64
5/9/2025,3321.2
5/12/2025,3332.5
5/13/2025,3453.85
5/14/2025,3391.72
5/15/2025,3355.87
5/16/2025,3384.33
5/19/2025,3394.86
5/20/2025,3426.8
5/21/2025,3478.22
5/22/2025,3574.08
5/23/2025,3492.07
5/26/2025,3487.41
5/27/2025,3538.99
5/28/2025,3438.32
5/29/2025,3413.75
5/30/2025,3358.08
6/2/2025,3335.32
6/3/2025,3412.03
6/4/2025,3366.6
6/5/2025,3257.69
6/6/2025,3314.63
6/9/2025,3454.33
6/10/2025,3519.28
6/11/2025,3503.95
6/12/2025,3419.43
6/13/2025,3332.63
6/16/2025,3467.01
6/17/2025,3326.01
6/18/2025,3286.32
6/19/2025,3304.35
6/20/2025,3258.45
6/23/2025,3230.85
6/24/2025,3328
6/25/2025,3375.99
6/26/2025,3358.92
6/27/2025,3336.42
6/30/2025,3409.66
7/1/2025,3307.56
7/2/2025,3463.53
7/3/2025,3463.05
7/4/2025,3376
7/7/2025,3410.7
7/8/2025,3443.4
7/9/2025,3555.03
7/10/2025,3614.96
7/11/2025,3801.6
7/14/2025,3846.74
7/15/2025,3763.01
7/16/2025,3915.36
7/17/2025,3931.85
7/18/2025,3935.59
7/21/2025,3980.33
7/22/2025,4030.11
7/23/2025,3954.48
7/24/2025,3992.68
7/25/2025,3910.19
